SNP,VARIANT
rs10182170,2_32479118_G_A
rs10186643,2_148046018_G_T
rs1031631,6_69732974_C_T
rs1054972,19_1852583_A_G
rs1057390,2_208494226_C_T
rs10800747,1_200955072_G_T
rs10835060,11_1466913_T_G
rs11042906,11_10643688_C_T
rs11208947,1_66689781_A_G
rs115690633,4_89927124_T_G
rs11743963,5_124915124_C_T
rs12613887,2_28888233_T_C
rs12707530,7_82868656_G_A
rs12928404,16_28835925_T_C
rs12978670,19_2358487_C_T
rs1362443,16_52950779_C_T
rs1444206,12_40682332_G_A
rs1867148,15_75047644_T_C
rs1871900,8_22623936_A_G
rs1900830,2_168122712_C_A
rs2178563,3_54791743_C_T
rs2240331,5_138444679_C_A
rs2247534,8_16858290_G_A
rs2278067,2_95289932_G_T
rs2306241,4_850247_C_T
rs2391256,1_93401378_C_A
rs28370602,12_39953836_G_A
rs2977461,8_140531189_C_T
rs3102347,16_89303461_A_G
rs3821665,3_151416028_G_A
rs4238361,15_61707740_G_T
rs4410769,6_31208469_C_T
rs4427587,11_58669175_T_C
rs4440018,2_134679835_A_G
rs4673341,2_205987662_T_C
rs4752341,10_119698388_G_A
rs4793090,17_42534324_G_A
rs4853705,2_190433047_C_T
rs510257,6_20014864_A_G
rs535900,2_134444884_A_G
rs55720227,4_128185894_T_C
rs56273245,3_47273006_A_G
rs56287080,3_47273006_A_G
rs60708277,22_50370041_A_G
rs6073117,20_43516780_T_G
rs61802091,1_161419856_G_A
rs62092949,18_51253303_C_T
rs6457681,6_32805720_G_T
rs6674092,1_232502663_G_A
rs6909187,6_25785697_C_T
rs71639110,5_88422222_G_A
rs7270155,20_3183237_A_C
rs7300813,12_40801333_C_T
rs7306944,12_40042305_C_T
rs748651,4_1017327_T_C
rs74937936,4_1017327_T_C
rs7551957,1_161500252_T_C
rs7651161,3_48292056_T_C
rs7968387,12_109350214_T_G
rs7970063,12_39920244_A_G
rs8031829,15_97965441_C_CA
rs9271611,6_32623832_A_G
rs9316444,13_49383534_A_G
rs9350429,6_71785120_A_G
rs9420867,10_102094023_G_A
rs9507294,13_24249209_T_C
rs9516953,13_97520254_A_G
rs9556692,13_97233749_C_A
rs982983,18_52504938_C_A
rs9978145,21_40614074_A_C
rs9986726,7_23069505_T_C
rs114138760,1_154925709_G_C
rs35749011,1_155162560_G_A
rs76763715,1_155235843_T_C
rs6658353,1_161499264_G_C
rs11578699,1_171750629_C_T
rs823118,1_205754444_C_T
rs11557080,1_205768611_G_A
rs4653767,1_226728377_T_C
rs10797576,1_232528865_C_T
rs76116224,2_17966582_A_T
rs2042477,2_95335195_A_T
rs11683001,2_101780501_T_A
rs57891859,2_134707046_A_G
rs1474055,2_168253884_C_T
rs73038319,3_18320267_A_C
rs6808178,3_28664199_T_C
rs12497850,3_48711556_G_T
rs55961674,3_122478045_C_T
rs11707416,3_151391177_T_A
rs1450522,3_161359842_A_G
rs10513789,3_183042285_T_G
rs873786,4_931588_C_T
rs34311866,4_958159_T_C
rs4698412,4_15735725_G_A
rs34025766,4_17967188_T_A
rs6825004,4_76189212_C_G
rs4101061,4_76226816_A_G
rs6854006,4_76276901_C_T
rs356182,4_89704960_G_A
rs5019538,4_89715479_G_A
rs13117519,4_113447909_C_T
rs62333164,4_169662006_G_A
rs1867598,5_60842132_A_G
rs26431,5_103030090_G_C
rs11950533,5_134863415_C_A
rs4140646,6_27771022_G_A
rs9261484,6_30140906_C_T
rs112485576,6_30140906_C_T
rs12528068,6_71778059_C_T
rs997368,6_111922088_A_G
rs75859381,6_132889222_T_C
rs199351,7_23260430_A_C
rs76949143,7_66544864_T_A
rs1293298,8_11854934_A_C
rs620513,8_16840084_G_T
rs2280104,8_22668467_T_C
rs2086641,8_129889663_T_C
rs13294100,9_17579692_T_G
rs10756907,9_17727067_A_G
rs6476434,9_34046393_C_T
rs896435,10_15515407_C_T
rs10748818,10_102255522_A_G
rs72840788,10_119656173_G_A
rs117896735,10_119776815_G_A
rs7938782,11_10537230_A_G
rs12283611,11_83776234_C_A
rs3802920,11_133917106_G_T
rs76904798,12_40220632_C_T
rs34637584,12_40340400_G_A
rs7134559,12_46025303_C_T
rs10847864,12_122842051_G_T
rs11610045,12_132487182_G_A
rs9568188,13_49353596_T_C
rs4771268,13_97212767_T_C
rs12147950,14_37520065_T_C
rs11158026,14_54882151_C_T
rs3742785,14_74906331_A_C
rs979812,14_87997920_G_T
rs2251086,15_61705186_T_C
rs6497339,16_19266171_A_T
rs2904880,16_28933075_C_G
rs11150601,16_30966478_G_A
rs6500328,16_50702745_A_G
rs3104783,16_52602330_C_A
rs10221156,16_52935514_G_A
rs12600861,17_7452302_A_C
rs12951632,17_42588995_T_C
rs2269906,17_44216969_A_C
rs850738,17_44357262_A_G
rs62053943,17_45666837_C_T
rs117615688,17_45720942_G_A
rs11658976,17_46789439_G_A
rs61169879,17_61840005_C_T
rs666463,17_78429399_A_T
rs1941685,18_33724354_G_T
rs12456492,18_43093415_A_G
rs8087969,18_51157219_T_G
rs55818311,19_2341049_C_T
rs77351827,20_6025395_C_T
rs2248244,21_37480059_G_A
